<?xml version="1.0" encoding="UTF-8"?>
<beans xmlns="http://www.springframework.org/schema/beans"
	xmlns:xsi="http://www.w3.org/2001/XMLSchema-instance"
	xmlns:context="http://www.springframework.org/schema/context"
	xsi:schemaLocation="http://www.springframework.org/schema/beans http://www.springframework.org/schema/beans/spring-beans.xsd
		http://www.springframework.org/schema/context http://www.springframework.org/schema/context/spring-context-4.3.xsd">

	<bean id="dep" class="com.cg.demo1.b.Department">
		<property name="name" value="HR"/>
		<property name="location" ref="loc"/>
	</bean>
	
	<bean id="loc" class="com.cg.demo1.b.Location">
		<property name="address" value="Hinjewadi"/>
		<property name="city" value="Pune"/>
	</bean>
</beans>
