<?xml version="1.0" encoding="UTF-8"?>
<beans xmlns:xsi="http://www.w3.org/2001/XMLSchema-instance"
	xmlns:beans="http://www.springframework.org/schema/beans"
	xsi:schemaLocation="http://www.springframework.org/schema/beans http://www.springframework.org/schema/beans/spring-beans.xsd">

<mvc:annotation-driven/>
<mvc:view-resolvers>
	<mvc:jsp suffix=".jsp" prefix="/WEB-INF/pages/"  />
</mvc:view-resolvers>
<context:component-scan base-package="com.cg"/>
<mvc:annotation-driven/>
<mvc:view-resolvers>
	<mvc:jsp suffix=".jsp" prefix="/WEB-INF/pages/"  />
</mvc:view-resolvers>
</beans>
