<?xml version="1.0" encoding="UTF-8"?>
<beans xmlns="http://www.springframework.org/schema/beans"
	xmlns:xsi="http://www.w3.org/2001/XMLSchema-instance"
	xmlns:context="http://www.springframework.org/schema/context"
	xmlns:aop="http://www.springframework.org/schema/aop"
	xsi:schemaLocation="http://www.springframework.org/schema/beans http://www.springframework.org/schema/beans/spring-beans.xsd
		http://www.springframework.org/schema/context http://www.springframework.org/schema/context/spring-context-4.3.xsd
		http://www.springframework.org/schema/aop http://www.springframework.org/schema/aop/spring-aop-4.3.xsd">

	<bean id="emp" class="Lab_1_2.Employee">
	
		 <property name="employeeId" value="12345"/>

 <property name="employeeName" value="Harriet"/>

 <property name="salary" value="40000.0"/>

 <property name="businessUnit" ref="sbu"/>

 <property name="age" value="30"/>
	</bean>
	
	<bean id="sbu" class="Lab_1_2.SBU">

 <property name="sbuId" value="345"/>

 <property name="sbuName" value="Engineering Services"/>

 <property name="sbuHead" value="Kiran Rao"/>

 </bean>
</beans>